candidate,station,n_clips,lr_f1
effb0_in1k,esophagus_proximal,116,0.6749
effb0_in1k,esophagus_distal,82,0.4503
effb0_in1k,z_line,185,0.8595
effb0_in1k,duodenal_bulb,91,0.6923
effb0_in1k,duodenum_descending,88,0.8671
effb0_in1k,antrum,118,0.632
effb0_in1k,cardia_fundus_retroflex,114,0.7966
effb0_in1k,lesser_curvature_retroflex,73,0.7391
effb0_in1k,incisura,82,0.6438
effb0_in1k,corpus_greater_curvature,193,0.7747
r50_in1k,esophagus_proximal,116,0.7373
r50_in1k,esophagus_distal,82,0.5621
r50_in1k,z_line,185,0.8235
r50_in1k,duodenal_bulb,91,0.6743
r50_in1k,duodenum_descending,88,0.8492
r50_in1k,antrum,118,0.5929
r50_in1k,cardia_fundus_retroflex,114,0.7745
r50_in1k,lesser_curvature_retroflex,73,0.6715
r50_in1k,incisura,82,0.5286
r50_in1k,corpus_greater_curvature,193,0.7512
regy32_in1k,esophagus_proximal,116,0.6667
regy32_in1k,esophagus_distal,82,0.4586
regy32_in1k,z_line,185,0.8276
regy32_in1k,duodenal_bulb,91,0.7111
regy32_in1k,duodenum_descending,88,0.8539
regy32_in1k,antrum,118,0.6255
regy32_in1k,cardia_fundus_retroflex,114,0.7672
regy32_in1k,lesser_curvature_retroflex,73,0.7153
regy32_in1k,incisura,82,0.5517
regy32_in1k,corpus_greater_curvature,193,0.7581
regy32_endopos,esophagus_proximal,116,0.6695
regy32_endopos,esophagus_distal,82,0.4935
regy32_endopos,z_line,185,0.8365
regy32_endopos,duodenal_bulb,91,0.7033
regy32_endopos,duodenum_descending,88,0.8214
regy32_endopos,antrum,118,0.575
regy32_endopos,cardia_fundus_retroflex,114,0.7511
regy32_endopos,lesser_curvature_retroflex,73,0.6835
regy32_endopos,incisura,82,0.4255
regy32_endopos,corpus_greater_curvature,193,0.7891
cnxt_t_in1k,esophagus_proximal,116,0.6957
cnxt_t_in1k,esophagus_distal,82,0.5276
cnxt_t_in1k,z_line,185,0.87
cnxt_t_in1k,duodenal_bulb,91,0.6989
cnxt_t_in1k,duodenum_descending,88,0.8876
cnxt_t_in1k,antrum,118,0.6988
cnxt_t_in1k,cardia_fundus_retroflex,114,0.8018
cnxt_t_in1k,lesser_curvature_retroflex,73,0.7027
cnxt_t_in1k,incisura,82,0.5816
cnxt_t_in1k,corpus_greater_curvature,193,0.8156
dinov2_s14,esophagus_proximal,116,0.6949
dinov2_s14,esophagus_distal,82,0.4935
dinov2_s14,z_line,185,0.8661
dinov2_s14,duodenal_bulb,91,0.7135
dinov2_s14,duodenum_descending,88,0.8778
dinov2_s14,antrum,118,0.6316
dinov2_s14,cardia_fundus_retroflex,114,0.8261
dinov2_s14,lesser_curvature_retroflex,73,0.7234
dinov2_s14,incisura,82,0.604
dinov2_s14,corpus_greater_curvature,193,0.7747
dinov2_b14,esophagus_proximal,116,0.6639
dinov2_b14,esophagus_distal,82,0.4306
dinov2_b14,z_line,185,0.8432
dinov2_b14,duodenal_bulb,91,0.7558
dinov2_b14,duodenum_descending,88,0.8966
dinov2_b14,antrum,118,0.622
dinov2_b14,cardia_fundus_retroflex,114,0.8089
dinov2_b14,lesser_curvature_retroflex,73,0.7222
dinov2_b14,incisura,82,0.6197
dinov2_b14,corpus_greater_curvature,193,0.7929
